category,wallet,address,last_block
exchanges,AnxPro.com,1KPHxfCUJbTc7hxjE6HqBGSJECxWTrYi1b,825868
exchanges,BTC-e.com,1CAJWsyuyd7LymX8wmjF2Ss1DczKriPmvW,859524
exchanges,BTC-e.com,15epDifd6B2AXkNGvrv2KvFGFQpEpnvPAm,873579
exchanges,BTC-e.com,1NeHTpzpLTCZNzBojatM1fVbBRRpbaAcrd,874603
exchanges,BTC-e.com,1AQJDD2DNXTPCr9y7gcEJrm9eB7wjgjkdV,874603
exchanges,BTC-e.com,17BQBqDGB4Y8Lpqr38D9aTdmWC6DJePrVN,859810
exchanges,BTC-e.com,15hU4TeyATHaKpBk1fBS9KFFCSGAkfjtK4,874603
exchanges,BTC-e.com,12LXGakSsMDcLqoJVKAAGsiQmxLAVMFAHu,874603
exchanges,BTC-e.com,17HqxfZUiqVoP2KoC5JBXtP2E6962fYNJN,874603
exchanges,BTC-e.com,14i1yecuLSX4u1BjFmoWxzqgb9EBEFYHFS,874603
exchanges,BTC-e.com,12bHNKe7w3MV3t5zv1GgdREY16REuVYBDr,874603
exchanges,BTC-e.com,1DBCFmSqzMptPoh4AgxxKUzRjPdZdEPSD3,874603
exchanges,BTC-e.com,19AiJmpLQtmN4mrWAQAoxpfnZoKSBs3BCU,874603
exchanges,BTC-e.com,1AZAShNr4wEJrN2BLNJfqGoq2TBHUfhSbW,874603
exchanges,BTC-e.com,18x2v2bkY6QfevfcqfLJLarBAbJc1iYEKx,874603
exchanges,BTC-e.com,12Z3fs3uTBWrrTcfGhmFFAjQrrkvcrCDni,859524
exchanges,BTC-e.com,1AUoZBnsMUJziqyf51GcuDLnJnRV7Y5dxe,859524
exchanges,BTC-e.com,1LktQiJjjvKm2WKcwkGPde7uQCUEZYaSi7,874603
exchanges,BTC-e.com,18XyHDrhyky7se3D9zctb49hxyAFsN5XSb,874603
exchanges,BTC-e.com,18siKTLz7AbJoETo55NNWQSosW8MRVn51r,874603
exchanges,BTC-e.com,1L1U4MaYvdVvkcZT3bFnVQzLdyHzXd2HdT,859523
exchanges,BTC-e.com,19pj16SEtckgNRd91hShL8Zvukp3pQp3yA,874603
exchanges,BTC-e.com,1JF5M61nUYy2TNC46dHrPHFUYavJEBy66D,874603
exchanges,BTC-e.com,1C6HGB1du6PePDWmep5mEJTF371Cr4BLSg,859523
exchanges,BTC-e.com,bc1qa8uc4kcpu5e7rg43lcg74a0zv4ccx50te8r64q,874603
exchanges,BTC-e.com,3BbccNTumZe7AmNKTZuqZnvfKF6LKdacYr,859523
exchanges,BTC-e.com-old,15pMNBFN777xEEXbyKeN79H3NUiXEp8CKH,829144
exchanges,BTC-e.com-old,1A6ES1HSDesz9dRsUQhDoxkkDxCikBqzNV,874046
exchanges,BTC-e.com-old,1FjXNDXgbQEGrHyvCxhgdm7CybjBmvsbbQ,871850
exchanges,BX.in.th,1F3wYJMc6iKE1yPnkeskEJvfwuvNvwmUQn,828993
exchanges,BX.in.th,1HtqDMWgn6186e8t3EesZQiw7gNbaPJfJH,870770
exchanges,Binance.com,bc1qcgmpzx2pww9h3g9slxwzjqrztv7fy4t0lkye99,876928
exchanges,Binance.com,bc1qaeav2hk5u2yn73st0fqkxp6zedefld6vyf04hz,840924
exchanges,Binance.com,bc1qaq4v5wfffquvcmj4he3786ex5vtxnt9p3p9kdu,840924
exchanges,Binance.com,bc1qdsrqvzfh2s330ggf7n9l86xkmxcjah3rhxu4k4,840924
exchanges,Binance.com,bc1quvzhed9dk6hh8y86kjptswwm32304jchps7xwr,840924
exchanges,Binance.com,bc1qvgv6e8jrp4ratrsudf7zv4ldq8gct88rjxt2g4,840924
exchanges,Binance.com-old,16ftSEQ4ctQFDtVZiUBusQUjRrGhM3JYwe,825969
exchanges,BitBay.net,1MpPHfqMkV5fsRnT7HE91apCJXPiXzvbVW,854430
exchanges,BitZlato.com,14Rerqnj3LPKPQMvPTw1T2D21TvE36MWtf,862686
exchanges,BitZlato.com,1ci7PdwjsMX4B8ExwhgKNYvWCYiEAzy6S,839934
exchanges,BitZlato.com,1Nv26ZFTLyKyfzdNce41GH5b8yVdqREfhW,858612
exchanges,BitZlato.com,1K86rGTmnhySbabgu5QcpcRpgPETiLPqnU,858612
exchanges,BitZlato.com,18CisdLaLRtq853WL8nDKRmNPffteo3o4F,828117
exchanges,BitZlato.com,1NYHAJEM3k5R8njHHxCxFf2vWvpbgLihdu,833732
exchanges,BitZlato.com,1CrHNaP64cg27P8u5vgkg9HhvrMJjHLh5s,834921
exchanges,BitZlato.com,1FfzKJoCbiSfwp4Cu4RjKQEWUZP6bryJCv,837681
exchanges,BitZlato.com,1N7up3hACt7Z1fJkTv9vFMa3qaopZG3qZo,834516
exchanges,BitZlato.com,1Nw3YooXxj1b6BvyiGActrTFtNJs5RPt9v,858612
